node_id,ip,freq_msg_per_sec,interval_ms,payload_size_bytes,payload_entropy,nb_connexions,attack_type
node_1,192.168.1.10,1.195,933,64,0.4624,1,Normal
node_2,192.168.1.11,1.115,1144,74,0.5942,1,Normal
node_3,192.168.1.12,0.166,4237,113,0.634,3,Normal
node_4,192.168.1.13,0.056,8587,73,0.3876,1,Normal
node_5,192.168.1.14,0.111,10631,2229,0.7302,3,Normal
node_1,192.168.1.10,1.131,1186,68,0.6088,1,Normal
node_2,192.168.1.11,0.975,995,55,0.4771,1,Normal
node_3,192.168.1.12,0.146,10972,65,0.3166,2,Normal
node_4,192.168.1.13,0.55,2426,81,0.3698,2,Normal
node_5,192.168.1.14,0.106,10955,1906,0.7443,4,Normal
node_1,192.168.1.10,0.872,924,64,0.5734,1,Normal
node_2,192.168.1.11,0.848,1193,76,0.4201,1,Normal
node_3,192.168.1.12,0.665,7120,54,0.3817,3,Normal
node_4,192.168.1.13,0.669,4822,106,0.6395,3,Normal
node_5,192.168.1.14,0.081,10475,2004,0.7852,3,Normal
node_1,192.168.1.10,0.965,1079,70,0.4609,1,Normal
node_2,192.168.1.11,0.804,1078,66,0.5287,1,Normal
node_3,192.168.1.12,0.321,10355,89,0.3164,3,Normal
node_4,192.168.1.13,0.433,2286,56,0.6905,1,Normal
node_5,192.168.1.14,0.079,11623,1965,0.6026,3,Normal
node_1,192.168.1.10,1.104,961,56,0.5805,2,Normal
node_2,192.168.1.11,0.93,902,58,0.4325,1,Normal
node_3,192.168.1.12,0.119,4430,102,0.297,2,Normal
node_4,192.168.1.13,0.204,7296,355,0.6558,3,Normal
node_5,192.168.1.14,0.104,8595,1804,0.8068,3,Normal
node_1,192.168.1.10,1.128,887,72,0.5706,1,Normal
node_2,192.168.1.11,0.805,1178,59,0.4514,1,Normal
node_3,192.168.1.12,0.238,9105,98,0.4429,1,Normal
node_4,192.168.1.13,0.252,9204,56,0.3036,1,Normal
node_5,192.168.1.14,0.099,11035,2280,0.7762,3,Normal
node_1,192.168.1.10,0.842,976,52,0.4642,1,Normal
node_2,192.168.1.11,0.969,1133,59,0.4594,1,Normal
node_3,192.168.1.12,0.611,8087,77,0.4208,3,Normal
node_4,192.168.1.13,0.533,7575,92,0.4263,1,Normal
node_5,192.168.1.14,0.109,11972,2077,0.6417,3,Normal
node_1,192.168.1.10,0.994,1069,59,0.5175,1,Normal
node_2,192.168.1.11,0.812,1012,57,0.5945,1,Normal
node_3,192.168.1.12,0.313,1358,88,0.3932,1,Normal
node_4,192.168.1.13,1.283,3369,115,0.5063,4,Normal
node_5,192.168.1.14,0.083,8025,2043,0.8016,3,Normal
node_1,192.168.1.10,0.948,804,65,0.5673,1,Normal
node_2,192.168.1.11,1.172,1070,73,0.552,1,Normal
node_3,192.168.1.12,0.595,7399,89,0.4057,2,Normal
node_4,192.168.1.13,0.084,4461,107,0.7162,2,Normal
node_5,192.168.1.14,0.092,11118,1987,0.6481,3,Normal
node_1,192.168.1.10,1.091,842,73,0.4728,1,Normal
node_2,192.168.1.11,1.053,873,70,0.5467,1,Normal
node_3,192.168.1.12,0.628,1517,102,0.2923,2,Normal
node_4,192.168.1.13,0.504,3516,67,0.3727,2,Normal
node_5,192.168.1.14,0.081,9446,2130,0.8179,3,Normal
node_1,192.168.1.10,0.959,1073,69,0.4294,1,Normal
node_2,192.168.1.11,1.096,1052,65,0.5837,1,Normal
node_3,192.168.1.12,0.221,11009,89,0.4487,3,Normal
node_4,192.168.1.13,0.51,7902,68,0.6462,2,Normal
node_5,192.168.1.14,0.105,10855,2003,0.7207,3,Normal
node_1,192.168.1.10,1.159,816,63,0.4602,1,Normal
node_2,192.168.1.11,0.868,1144,76,0.4124,1,Normal
node_3,192.168.1.12,0.448,4724,100,0.5276,1,Normal
node_4,192.168.1.13,0.669,1260,83,0.6477,1,Normal
node_5,192.168.1.14,0.104,10951,2237,0.8076,3,Normal
node_1,192.168.1.10,0.869,820,73,0.4373,1,Normal
node_2,192.168.1.11,0.854,938,389,0.4742,2,Normal
node_3,192.168.1.12,0.142,932,72,0.6899,2,Normal
node_4,192.168.1.13,0.209,9813,62,0.5121,1,Normal
node_5,192.168.1.14,0.096,8306,1890,0.7145,4,Normal
node_1,192.168.1.10,0.822,807,53,0.5188,1,Normal
node_2,192.168.1.11,1.089,1118,70,0.5698,1,Normal
node_3,192.168.1.12,0.524,1867,57,0.4536,3,Normal
node_4,192.168.1.13,0.105,9740,97,0.6072,1,Normal
node_5,192.168.1.14,0.079,10747,2034,0.5964,2,Normal
node_1,192.168.1.10,1.068,837,75,0.5898,1,Normal
node_2,192.168.1.11,1.046,987,53,0.5327,2,Normal
node_3,192.168.1.12,0.113,3964,71,0.5832,1,Normal
node_4,192.168.1.13,0.485,10319,68,0.6572,3,Normal
node_5,192.168.1.14,0.098,9734,1935,0.6368,3,Normal
node_1,192.168.1.10,0.807,816,60,0.5057,2,Normal
node_2,192.168.1.11,1.058,1145,57,0.5916,1,Normal
node_3,192.168.1.12,3.438,2073,91,0.6491,4,Normal
node_4,192.168.1.13,0.588,2810,67,0.6976,2,Normal
node_5,192.168.1.14,0.116,11291,2078,0.7362,2,Normal
node_1,192.168.1.10,0.976,1062,52,0.4567,1,Normal
node_2,192.168.1.11,1.028,825,56,0.4864,2,Normal
node_3,192.168.1.12,0.099,6071,82,0.5293,3,Normal
node_4,192.168.1.13,0.605,11866,71,0.3481,1,Normal
node_5,192.168.1.14,0.084,8263,2019,0.8095,2,Normal
node_1,192.168.1.10,1.175,895,74,0.5124,1,Normal
node_2,192.168.1.11,0.933,1090,58,0.5902,2,Normal
node_3,192.168.1.12,0.283,8298,89,0.4271,2,Normal
node_4,192.168.1.13,1.93,1215,92,0.5473,2,Normal
node_5,192.168.1.14,0.106,9501,2167,0.666,3,Normal
node_1,192.168.1.10,0.874,875,62,0.6132,1,Normal
node_2,192.168.1.11,0.983,1185,69,0.5256,1,Normal
node_3,192.168.1.12,0.075,3152,115,0.4224,2,Normal
node_4,192.168.1.13,0.167,778,97,0.6857,1,Normal
node_5,192.168.1.14,0.609,4679,2008,0.7007,6,Normal
node_1,192.168.1.10,1.168,1086,73,0.4341,1,Normal
node_2,192.168.1.11,1.117,1036,67,0.4769,2,Normal
node_3,192.168.1.12,0.196,9654,76,0.4212,2,Normal
node_4,192.168.1.13,0.354,3327,70,0.6319,1,Normal
node_5,192.168.1.14,0.087,9141,2138,0.7605,3,Normal
node_1,192.168.1.10,0.982,1081,66,0.5297,1,Normal
node_2,192.168.1.11,1.182,845,51,0.5538,2,Normal
node_3,192.168.1.12,0.268,9954,98,0.51,3,Normal
node_4,192.168.1.13,0.483,9948,68,0.4566,2,Normal
node_5,192.168.1.14,0.08,9520,2023,0.7223,3,Normal
node_1,192.168.1.10,3.489,219,62,0.4243,3,Normal
node_2,192.168.1.11,1.108,1053,68,0.4117,1,Normal
node_3,192.168.1.12,0.499,9511,69,0.719,2,Normal
node_4,192.168.1.13,2.928,217,110,0.5612,5,Normal
node_5,192.168.1.14,0.113,7638,1857,0.763,3,Normal
node_1,192.168.1.10,1.147,834,249,0.4685,1,Normal
node_2,192.168.1.11,0.889,966,691,0.5014,1,Normal
node_3,192.168.1.12,0.507,10857,65,0.5332,3,Normal
node_4,192.168.1.13,0.139,2782,102,0.3325,1,Normal
node_5,192.168.1.14,0.113,11991,2500,0.6031,2,Normal
node_1,192.168.1.10,0.887,874,71,0.5887,1,Normal
node_2,192.168.1.11,4.585,129,73,0.5773,3,Normal
node_3,192.168.1.12,0.578,9347,90,0.6142,2,Normal
node_4,192.168.1.13,0.503,9632,107,0.6914,2,Normal
node_5,192.168.1.14,0.085,7969,2181,0.7817,3,Normal
node_1,192.168.1.10,0.95,863,75,0.4822,1,Normal
node_2,192.168.1.11,0.96,1178,73,0.4943,1,Normal
node_3,192.168.1.12,0.162,5819,99,0.6039,3,Normal
node_4,192.168.1.13,0.622,1274,109,0.5871,1,Normal
node_5,192.168.1.14,0.124,8255,2022,0.7905,3,Normal
node_1,192.168.1.10,6.574,400,69,0.5836,4,Normal
node_2,192.168.1.11,1.186,1077,51,0.4198,1,Normal
node_3,192.168.1.12,0.095,7996,110,0.6268,2,Normal
node_4,192.168.1.13,0.657,1410,103,0.7026,1,Normal
node_5,192.168.1.14,0.113,9192,1962,0.6538,3,Normal
node_1,192.168.1.10,0.965,1082,67,0.5201,1,Normal
node_2,192.168.1.11,1.002,1042,59,0.5411,1,Normal
node_3,192.168.1.12,0.441,4753,66,0.4941,2,Normal
node_4,192.168.1.13,0.427,5695,78,0.6837,3,Normal
node_5,192.168.1.14,0.096,8068,2122,0.6881,3,Normal
node_1,192.168.1.10,0.872,1040,74,0.62,1,Normal
node_2,192.168.1.11,0.903,1040,69,0.4989,1,Normal
node_3,192.168.1.12,0.589,4738,65,0.6839,2,Normal
node_4,192.168.1.13,0.11,11441,71,0.4424,3,Normal
node_5,192.168.1.14,0.087,10845,1892,0.7589,3,Normal
node_1,192.168.1.10,1.191,1078,66,0.4421,1,Normal
node_2,192.168.1.11,0.851,854,60,0.4251,1,Normal
node_3,192.168.1.12,0.669,4845,93,0.3876,2,Normal
node_4,192.168.1.13,0.62,6848,50,0.5265,3,Normal
node_5,192.168.1.14,0.098,10775,2261,0.6053,3,Normal
node_1,192.168.1.10,1.134,1185,68,0.4568,2,Normal
node_2,192.168.1.11,1.128,1068,54,0.5906,1,Normal
node_3,192.168.1.12,0.403,9979,102,0.5511,2,Normal
node_4,192.168.1.13,0.171,6202,107,0.6823,2,Normal
node_5,192.168.1.14,0.124,10837,2282,0.6527,3,Normal
node_1,192.168.1.10,437.313,2,50,0.0911,83,DoS
node_2,192.168.1.11,397.888,2,52,0.3032,64,DoS
node_3,192.168.1.12,0.205,2507,104,0.3036,1,Normal
node_4,192.168.1.13,0.124,7936,105,0.5373,1,Normal
node_5,192.168.1.14,304.931,3,76,0.2002,88,DoS
node_1,192.168.1.10,492.193,1,99,0.2297,58,DoS
node_2,192.168.1.11,406.252,2,37,0.1134,124,DoS
node_3,192.168.1.12,0.314,5335,93,0.3456,3,Normal
node_4,192.168.1.13,0.27,8179,530,0.3023,2,Normal
node_5,192.168.1.14,0.091,11281,2010,0.6926,3,Normal
node_1,192.168.1.10,446.013,2,88,0.2669,79,DoS
node_2,192.168.1.11,497.77,1,49,0.1339,116,DoS
node_3,192.168.1.12,0.657,811,98,0.4931,3,Normal
node_4,192.168.1.13,0.377,7682,109,0.7187,1,Normal
node_5,192.168.1.14,445.772,2,44,0.2949,66,DoS
node_1,192.168.1.10,565.608,2,76,0.258,92,DoS
node_2,192.168.1.11,543.899,2,33,0.1179,94,DoS
node_3,192.168.1.12,0.21,6568,72,0.4795,2,Normal
node_4,192.168.1.13,0.654,3499,108,0.4124,1,Normal
node_5,192.168.1.14,0.084,8015,2047,0.7964,3,Normal
node_1,192.168.1.10,494.355,2,52,0.1237,124,DoS
node_2,192.168.1.11,417.676,1,56,0.2488,25,DoS
node_3,192.168.1.12,2.4,982,65,0.3547,4,Normal
node_4,192.168.1.13,0.246,1849,82,0.2883,2,Normal
node_5,192.168.1.14,0.098,7587,1960,0.8123,3,Normal
node_1,192.168.1.10,427.446,2,73,0.1169,52,DoS
node_2,192.168.1.11,373.029,3,91,0.0999,116,DoS
node_3,192.168.1.12,0.182,7164,99,0.2876,3,Normal
node_4,192.168.1.13,1.592,668,62,0.6399,4,Normal
node_5,192.168.1.14,428.552,2,34,0.2102,120,DoS
node_1,192.168.1.10,594.465,1,81,0.1201,62,DoS
node_2,192.168.1.11,502.409,2,95,0.2075,93,DoS
node_3,192.168.1.12,617.449,1,68,0.0735,115,DoS
node_4,192.168.1.13,0.662,1687,56,0.462,1,Normal
node_5,192.168.1.14,411.841,1,70,0.2305,156,DoS
node_1,192.168.1.10,568.651,2,47,0.277,87,DoS
node_2,192.168.1.11,533.426,1,62,0.2827,85,DoS
node_3,192.168.1.12,0.382,10039,82,0.4729,1,Normal
node_4,192.168.1.13,0.229,7540,79,0.6321,2,Normal
node_5,192.168.1.14,0.087,7760,2001,0.7819,3,Normal
node_1,192.168.1.10,455.418,2,75,0.2377,118,DoS
node_2,192.168.1.11,652.963,1,36,0.1481,66,DoS
node_3,192.168.1.12,0.144,5781,111,0.5788,2,Normal
node_4,192.168.1.13,0.358,5908,114,0.6657,2,Normal
node_5,192.168.1.14,0.576,2213,2049,0.7468,6,Normal
node_1,192.168.1.10,602.669,1,88,0.0975,71,DoS
node_2,192.168.1.11,639.516,2,85,0.0961,51,DoS
node_3,192.168.1.12,0.236,6202,57,0.2834,1,Normal
node_4,192.168.1.13,0.517,9444,109,0.7144,1,Normal
node_5,192.168.1.14,0.116,10035,2278,0.6893,2,Normal
node_1,192.168.1.10,521.01,2,86,0.2712,80,DoS
node_2,192.168.1.11,669.295,1,39,0.1551,120,DoS
node_3,192.168.1.12,0.604,2420,90,0.606,1,Normal
node_4,192.168.1.13,0.214,6557,85,0.5816,2,Normal
node_5,192.168.1.14,0.078,10303,2212,0.8268,4,Normal
node_1,192.168.1.10,666.269,1,49,0.2777,69,DoS
node_2,192.168.1.11,544.781,1,79,0.1358,78,DoS
node_3,192.168.1.12,0.341,11679,71,0.4198,1,Normal
node_4,192.168.1.13,0.227,5863,82,0.5897,2,Normal
node_5,192.168.1.14,0.122,8662,2090,0.7329,3,Normal
node_1,192.168.1.10,642.508,1,59,0.0743,62,DoS
node_2,192.168.1.11,752.545,1,85,0.1858,98,DoS
node_3,192.168.1.12,551.873,1,90,0.3081,95,DoS
node_4,192.168.1.13,0.408,10828,466,0.4165,2,Normal
node_5,192.168.1.14,0.083,10496,2177,0.681,4,Normal
node_1,192.168.1.10,673.572,1,45,0.2728,75,DoS
node_2,192.168.1.11,664.239,1,91,0.1528,51,DoS
node_3,192.168.1.12,0.405,5726,54,0.5459,2,Normal
node_4,192.168.1.13,0.182,5559,50,0.588,3,Normal
node_5,192.168.1.14,0.123,9010,1929,0.5897,2,Normal
node_1,192.168.1.10,646.831,1,67,0.1303,57,DoS
node_2,192.168.1.11,649.193,1,48,0.3176,140,DoS
node_3,192.168.1.12,0.606,9849,80,0.6571,2,Normal
node_4,192.168.1.13,0.619,8763,105,0.508,2,Normal
node_5,192.168.1.14,0.122,10905,2119,0.8126,2,Normal
node_1,192.168.1.10,668.222,1,71,0.1434,99,DoS
node_2,192.168.1.11,726.456,1,30,0.078,102,DoS
node_3,192.168.1.12,0.531,9830,54,0.4945,2,Normal
node_4,192.168.1.13,0.536,9690,841,0.351,3,Normal
node_5,192.168.1.14,637.581,1,45,0.223,74,DoS
node_1,192.168.1.10,693.273,1,59,0.0962,86,DoS
node_2,192.168.1.11,506.349,2,51,0.317,5,DoS
node_3,192.168.1.12,725.423,1,36,0.2081,43,DoS
node_4,192.168.1.13,0.134,11517,104,0.43,1,Normal
node_5,192.168.1.14,0.08,8530,1824,0.6783,3,Normal
node_1,192.168.1.10,758.645,1,70,0.1542,77,DoS
node_2,192.168.1.11,714.759,1,53,0.2174,52,DoS
node_3,192.168.1.12,0.694,773,90,0.6549,3,Normal
node_4,192.168.1.13,636.184,1,96,0.1282,112,DoS
node_5,192.168.1.14,0.113,11254,2230,0.7134,3,Normal
node_1,192.168.1.10,684.198,1,71,0.0766,73,DoS
node_2,192.168.1.11,765.992,1,35,0.1813,33,DoS
node_3,192.168.1.12,720.86,1,32,0.2381,92,DoS
node_4,192.168.1.13,695.319,1,86,0.2904,59,DoS
node_5,192.168.1.14,0.1,9224,1999,0.681,4,Normal
node_1,192.168.1.10,640.242,1,33,0.1595,5,DoS
node_2,192.168.1.11,597.516,1,88,0.2201,62,DoS
node_3,192.168.1.12,0.446,9961,76,0.3229,3,Normal
node_4,192.168.1.13,0.245,5593,103,0.289,1,Normal
node_5,192.168.1.14,0.118,11049,2270,0.8366,3,Normal
node_1,192.168.1.10,794.455,1,41,0.2654,62,DoS
node_2,192.168.1.11,690.597,1,50,0.1178,86,DoS
node_3,192.168.1.12,0.622,4085,52,0.3737,2,Normal
node_4,192.168.1.13,0.292,9603,79,0.4155,2,Normal
node_5,192.168.1.14,0.123,9291,2032,0.815,4,Normal
node_1,192.168.1.10,746.5,1,73,0.1369,60,DoS
node_2,192.168.1.11,602.375,1,39,0.3173,87,DoS
node_3,192.168.1.12,884.299,1,94,0.0827,70,DoS
node_4,192.168.1.13,0.42,10630,102,0.7132,3,Normal
node_5,192.168.1.14,609.296,2,32,0.1204,105,DoS
node_1,192.168.1.10,641.033,1,90,0.0865,126,DoS
node_2,192.168.1.11,638.135,1,96,0.1451,92,DoS
node_3,192.168.1.12,0.291,9606,87,0.3004,1,Normal
node_4,192.168.1.13,0.426,10952,358,0.6433,3,Normal
node_5,192.168.1.14,0.49,4111,2267,0.6379,6,Normal
node_1,192.168.1.10,775.137,1,52,0.1296,82,DoS
node_2,192.168.1.11,590.754,1,80,0.3176,100,DoS
node_3,192.168.1.12,808.737,1,67,0.2629,140,DoS
node_4,192.168.1.13,2.823,2221,109,0.7067,4,Normal
node_5,192.168.1.14,0.094,10971,2071,0.6139,3,Normal
node_1,192.168.1.10,595.322,1,90,0.0927,121,DoS
node_2,192.168.1.11,575.742,1,67,0.1239,5,DoS
node_3,192.168.1.12,0.063,6858,101,0.3833,2,Normal
node_4,192.168.1.13,0.421,6590,110,0.6241,1,Normal
node_5,192.168.1.14,0.091,10739,2010,0.8328,3,Normal
node_1,192.168.1.10,794.318,1,88,0.2813,70,DoS
node_2,192.168.1.11,519.177,2,66,0.2056,120,DoS
node_3,192.168.1.12,0.499,1444,110,0.6259,1,Normal
node_4,192.168.1.13,0.603,7801,89,0.289,2,Normal
node_5,192.168.1.14,650.345,1,39,0.2659,107,DoS
node_1,192.168.1.10,738.98,1,49,0.2691,70,DoS
node_2,192.168.1.11,477.923,1,93,0.3058,44,DoS
node_3,192.168.1.12,738.322,1,50,0.3097,69,DoS
node_4,192.168.1.13,609.598,1,36,0.1319,85,DoS
node_5,192.168.1.14,0.093,8123,2032,0.6348,3,Normal
node_1,192.168.1.10,681.99,1,30,0.2006,66,DoS
node_2,192.168.1.11,756.859,1,59,0.3052,109,DoS
node_3,192.168.1.12,756.44,1,64,0.1529,113,DoS
node_4,192.168.1.13,0.281,1819,53,0.5587,2,Normal
node_5,192.168.1.14,0.089,11037,2220,0.6139,4,Normal
node_1,192.168.1.10,616.694,1,48,0.1231,67,DoS
node_2,192.168.1.11,682.799,1,61,0.1023,97,DoS
node_3,192.168.1.12,653.01,1,30,0.0851,84,DoS
node_4,192.168.1.13,0.684,4786,95,0.5294,3,Normal
node_5,192.168.1.14,0.11,12261,2500,0.6703,2,Normal
node_1,192.168.1.10,716.429,1,61,0.1063,58,DoS
node_2,192.168.1.11,618.469,2,67,0.231,33,DoS
node_3,192.168.1.12,477.448,1,88,0.2785,41,DoS
node_4,192.168.1.13,0.513,6254,62,0.512,2,Normal
node_5,192.168.1.14,0.106,11493,2174,0.7068,3,Normal
node_1,192.168.1.10,623.268,1,30,0.1488,63,DoS
node_2,192.168.1.11,606.809,1,93,0.1961,77,DoS
node_3,192.168.1.12,0.344,6676,59,0.5432,1,Normal
node_4,192.168.1.13,0.242,3517,107,0.6272,1,Normal
node_5,192.168.1.14,0.086,11371,2292,0.7731,3,Normal
node_1,192.168.1.10,590.815,1,82,0.2448,39,DoS
node_2,192.168.1.11,591.123,1,80,0.2577,5,DoS
node_3,192.168.1.12,0.316,3011,96,0.522,1,Normal
node_4,192.168.1.13,0.362,1065,94,0.3885,2,Normal
node_5,192.168.1.14,0.121,8942,1832,0.6353,3,Normal
node_1,192.168.1.10,737.931,1,85,0.0956,5,DoS
node_2,192.168.1.11,558.844,2,83,0.1847,103,DoS
node_3,192.168.1.12,0.294,6429,110,0.2861,2,Normal
node_4,192.168.1.13,0.316,3904,85,0.4896,1,Normal
node_5,192.168.1.14,0.097,10441,2254,0.6804,3,Normal
node_1,192.168.1.10,628.968,1,45,0.0945,40,DoS
node_2,192.168.1.11,698.508,1,91,0.1838,125,DoS
node_3,192.168.1.12,0.21,3815,55,0.3892,1,Normal
node_4,192.168.1.13,660.753,1,98,0.0803,70,DoS
node_5,192.168.1.14,0.076,8603,2500,0.7956,3,Normal
node_1,192.168.1.10,522.378,2,42,0.1005,90,DoS
node_2,192.168.1.11,480.691,2,82,0.1605,76,DoS
node_3,192.168.1.12,414.073,2,77,0.2319,93,DoS
node_4,192.168.1.13,0.092,11626,112,0.5305,1,Normal
node_5,192.168.1.14,0.084,8901,1935,0.7063,4,Normal
node_1,192.168.1.10,584.611,1,33,0.2778,117,DoS
node_2,192.168.1.11,578.618,1,99,0.2914,51,DoS
node_3,192.168.1.12,506.226,1,74,0.2228,50,DoS
node_4,192.168.1.13,0.091,11006,73,0.5306,1,Normal
node_5,192.168.1.14,0.386,4140,1907,0.6386,6,Normal
node_1,192.168.1.10,432.991,2,82,0.1471,79,DoS
node_2,192.168.1.11,441.767,1,55,0.234,112,DoS
node_3,192.168.1.12,0.38,8041,49,0.4089,1,Normal
node_4,192.168.1.13,0.053,5240,63,0.3362,1,Normal
node_5,192.168.1.14,522.362,1,66,0.3131,163,DoS
node_1,192.168.1.10,426.048,2,70,0.1667,5,DoS
node_2,192.168.1.11,621.058,1,64,0.1301,116,DoS
node_3,192.168.1.12,5.276,2641,60,0.4505,3,Normal
node_4,192.168.1.13,0.527,6883,92,0.5474,1,Normal
node_5,192.168.1.14,0.089,9344,2194,0.6333,4,Normal
node_1,192.168.1.10,467.629,2,87,0.2718,83,DoS
node_2,192.168.1.11,484.839,2,78,0.2605,55,DoS
node_3,192.168.1.12,0.533,11388,61,0.573,2,Normal
node_4,192.168.1.13,0.193,3530,108,0.6814,1,Normal
node_5,192.168.1.14,0.104,9804,1872,0.7763,2,Normal
node_1,192.168.1.10,586.538,2,75,0.1935,45,DoS
node_2,192.168.1.11,430.641,2,82,0.0789,106,DoS
node_3,192.168.1.12,363.608,3,52,0.16,79,DoS
node_4,192.168.1.13,1.343,1619,108,0.7126,5,Normal
node_5,192.168.1.14,0.119,11847,1944,0.6545,3,Normal
node_1,192.168.1.10,460.046,1,69,0.173,100,DoS
node_2,192.168.1.11,559.747,1,45,0.1384,5,DoS
node_3,192.168.1.12,257.725,4,61,0.0866,86,DoS
node_4,192.168.1.13,0.448,10013,110,0.6409,1,Normal
node_5,192.168.1.14,0.086,7768,1953,0.7875,3,Normal
node_1,192.168.1.10,438.089,2,40,0.1366,66,DoS
node_2,192.168.1.11,584.322,2,48,0.0762,86,DoS
node_3,192.168.1.12,406.622,2,74,0.3059,82,DoS
node_4,192.168.1.13,1.003,2154,80,0.5179,4,Normal
node_5,192.168.1.14,0.108,10035,2100,0.6495,3,Normal
node_1,192.168.1.10,389.385,3,68,0.2709,86,DoS
node_2,192.168.1.11,349.018,2,79,0.2579,16,DoS
node_3,192.168.1.12,0.056,4813,86,0.4752,1,Normal
node_4,192.168.1.13,0.318,4892,80,0.6094,1,Normal
node_5,192.168.1.14,400.664,2,73,0.1446,91,DoS
node_1,192.168.1.10,463.256,2,44,0.1244,91,DoS
node_2,192.168.1.11,449.628,2,94,0.1932,74,DoS
node_3,192.168.1.12,0.197,5290,82,0.443,2,Normal
node_4,192.168.1.13,408.356,2,60,0.278,122,DoS
node_5,192.168.1.14,0.719,2885,1900,0.787,6,Normal
node_1,192.168.1.10,1.144,965,53,0.0648,3,Injection_Frozen
node_2,192.168.1.11,0.909,865,54,0.0,1,Injection_Frozen
node_3,192.168.1.12,0.343,2700,72,0.0309,1,Injection_Frozen
node_4,192.168.1.13,0.198,4618,94,0.5242,2,Normal
node_5,192.168.1.14,0.125,9153,1853,0.676,3,Normal
node_1,192.168.1.10,1.105,1146,59,0.5417,1,Normal
node_2,192.168.1.11,1.081,908,53,0.5355,1,Normal
node_3,192.168.1.12,0.259,2970,66,0.0561,1,Injection_Frozen
node_4,192.168.1.13,0.533,9686,565,0.4992,1,Normal
node_5,192.168.1.14,0.086,7508,1830,0.7298,3,Normal
node_1,192.168.1.10,1.005,1110,57,0.0,1,Injection_Frozen
node_2,192.168.1.11,1.192,994,59,0.5668,2,Normal
node_3,192.168.1.12,0.343,2898,68,0.0025,1,Injection_Frozen
node_4,192.168.1.13,0.102,7732,58,0.4241,2,Normal
node_5,192.168.1.14,0.531,4903,2038,0.7599,6,Normal
node_1,192.168.1.10,1.143,803,52,0.5005,1,Normal
node_2,192.168.1.11,0.859,1083,54,0.4701,2,Normal
node_3,192.168.1.12,0.282,3215,90,0.0,2,Injection_Frozen
node_4,192.168.1.13,0.694,11404,96,0.3335,1,Normal
node_5,192.168.1.14,0.088,8947,2060,0.6728,3,Normal
node_1,192.168.1.10,0.804,1013,70,0.5743,1,Normal
node_2,192.168.1.11,0.86,894,77,0.049,1,Injection_Frozen
node_3,192.168.1.12,0.298,3446,97,0.0,2,Injection_Frozen
node_4,192.168.1.13,0.159,1671,94,0.6088,3,Normal
node_5,192.168.1.14,0.113,8359,2251,0.6233,3,Normal
node_1,192.168.1.10,0.936,1106,75,0.4271,2,Normal
node_2,192.168.1.11,0.976,1152,70,0.4684,2,Normal
node_3,192.168.1.12,0.319,3448,83,0.0,2,Injection_Frozen
node_4,192.168.1.13,0.298,2955,88,0.0073,2,Injection_Frozen
node_5,192.168.1.14,0.121,9147,1898,0.6291,4,Normal
node_1,192.168.1.10,1.07,840,66,0.5669,1,Normal
node_2,192.168.1.11,1.006,1041,61,0.5862,1,Normal
node_3,192.168.1.12,0.275,3385,65,0.0,1,Injection_Frozen
node_4,192.168.1.13,0.306,2637,66,0.5278,2,Normal
node_5,192.168.1.14,0.101,9551,2070,0.0315,1,Injection_Frozen
node_1,192.168.1.10,1.162,1198,68,0.5711,2,Normal
node_2,192.168.1.11,0.819,1096,65,0.4956,1,Normal
node_3,192.168.1.12,0.326,2984,76,0.0,1,Injection_Frozen
node_4,192.168.1.13,0.513,6607,59,0.4433,1,Normal
node_5,192.168.1.14,0.103,11918,2234,0.6703,3,Normal
node_1,192.168.1.10,1.083,915,72,0.0704,2,Injection_Frozen
node_2,192.168.1.11,0.945,1050,65,0.4874,1,Normal
node_3,192.168.1.12,0.295,2905,81,0.0051,2,Injection_Frozen
node_4,192.168.1.13,0.495,3104,106,0.4795,1,Normal
node_5,192.168.1.14,0.097,11370,2175,0.6624,4,Normal
node_1,192.168.1.10,0.917,960,51,0.6229,2,Normal
node_2,192.168.1.11,1.025,951,67,0.4848,1,Normal
node_3,192.168.1.12,0.338,3041,94,0.0,1,Injection_Frozen
node_4,192.168.1.13,0.339,2806,92,0.0135,1,Injection_Frozen
node_5,192.168.1.14,0.09,11883,2142,0.6965,3,Normal
node_1,192.168.1.10,1.121,967,75,0.035,3,Injection_Frozen
node_2,192.168.1.11,1.054,1078,53,0.4339,1,Normal
node_3,192.168.1.12,0.299,3339,92,0.0095,1,Injection_Frozen
node_4,192.168.1.13,0.254,7230,113,0.4156,1,Normal
node_5,192.168.1.14,0.101,8617,2150,0.0,2,Injection_Frozen
node_1,192.168.1.10,0.979,1013,68,0.481,1,Normal
node_2,192.168.1.11,0.82,1176,66,0.4841,1,Normal
node_3,192.168.1.12,0.326,2681,99,0.0438,2,Injection_Frozen
node_4,192.168.1.13,0.295,2831,79,0.0382,2,Injection_Frozen
node_5,192.168.1.14,0.104,7863,2075,0.7597,4,Normal
node_1,192.168.1.10,0.946,1114,61,0.0,1,Injection_Frozen
node_2,192.168.1.11,7.764,307,53,0.5302,3,Normal
node_3,192.168.1.12,0.338,2765,80,0.0,2,Injection_Frozen
node_4,192.168.1.13,0.512,2855,101,0.3359,5,Normal
node_5,192.168.1.14,0.102,8042,2019,0.8098,2,Normal
node_1,192.168.1.10,1.027,1015,63,0.5546,1,Normal
node_2,192.168.1.11,0.928,1129,70,0.4547,1,Normal
node_3,192.168.1.12,0.325,2643,99,0.0544,1,Injection_Frozen
node_4,192.168.1.13,1.395,4143,70,0.5733,4,Normal
node_5,192.168.1.14,0.505,2008,1910,0.7397,6,Normal
node_1,192.168.1.10,1.042,875,57,0.548,2,Normal
node_2,192.168.1.11,0.908,821,53,0.481,2,Normal
node_3,192.168.1.12,0.309,2657,71,0.0082,3,Injection_Frozen
node_4,192.168.1.13,0.337,2901,98,0.0,1,Injection_Frozen
node_5,192.168.1.14,0.102,8985,1959,0.0,1,Injection_Frozen
node_1,192.168.1.10,0.869,896,59,0.4342,1,Normal
node_2,192.168.1.11,3.383,405,70,0.5462,3,Normal
node_3,192.168.1.12,0.269,2887,76,0.0114,2,Injection_Frozen
node_4,192.168.1.13,0.694,9408,110,0.3931,2,Normal
node_5,192.168.1.14,0.102,9991,2070,0.8088,2,Normal
node_1,192.168.1.10,0.919,855,59,0.6062,1,Normal
node_2,192.168.1.11,1.06,937,53,0.4815,1,Normal
node_3,192.168.1.12,0.257,3347,80,0.0291,3,Injection_Frozen
node_4,192.168.1.13,0.593,4239,89,0.6838,2,Normal
node_5,192.168.1.14,0.088,9963,1989,0.7146,4,Normal
node_1,192.168.1.10,0.908,883,56,0.5229,1,Normal
node_2,192.168.1.11,1.009,1022,65,0.0,1,Injection_Frozen
node_3,192.168.1.12,0.268,3085,99,0.0,2,Injection_Frozen
node_4,192.168.1.13,0.331,3244,87,0.0324,2,Injection_Frozen
node_5,192.168.1.14,0.11,9150,2117,0.0621,2,Injection_Frozen
node_1,192.168.1.10,1.128,1116,66,0.5495,2,Normal
node_2,192.168.1.11,0.854,1081,55,0.4341,1,Normal
node_3,192.168.1.12,0.306,3111,65,0.0693,3,Injection_Frozen
node_4,192.168.1.13,0.198,3824,63,0.4334,1,Normal
node_5,192.168.1.14,0.1,11116,1876,0.6516,3,Normal
node_1,192.168.1.10,0.976,1120,79,0.0,3,Injection_Frozen
node_2,192.168.1.11,0.901,893,73,0.4822,1,Normal
node_3,192.168.1.12,0.273,3024,91,0.0633,2,Injection_Frozen
node_4,192.168.1.13,0.191,1788,98,0.3659,2,Normal
node_5,192.168.1.14,0.093,9169,1826,0.6961,3,Normal
node_1,192.168.1.10,4.666,208,74,0.4888,2,Normal
node_2,192.168.1.11,1.146,1020,71,0.0382,2,Injection_Frozen
node_3,192.168.1.12,0.306,3161,78,0.0357,1,Injection_Frozen
node_4,192.168.1.13,0.659,11268,103,0.654,3,Normal
node_5,192.168.1.14,0.088,11300,2245,0.7774,4,Normal
node_1,192.168.1.10,1.102,813,69,0.4416,1,Normal
node_2,192.168.1.11,1.018,1060,57,0.0,2,Injection_Frozen
node_3,192.168.1.12,0.32,3439,77,0.0,2,Injection_Frozen
node_4,192.168.1.13,0.276,11493,61,0.3785,2,Normal
node_5,192.168.1.14,0.099,10280,2421,0.0,1,Injection_Frozen
node_1,192.168.1.10,1.191,1112,69,0.5023,2,Normal
node_2,192.168.1.11,1.128,992,55,0.4739,1,Normal
node_3,192.168.1.12,0.318,3218,97,0.0633,2,Injection_Frozen
node_4,192.168.1.13,0.295,6597,87,0.3298,1,Normal
node_5,192.168.1.14,0.078,10988,2024,0.6395,3,Normal
node_1,192.168.1.10,0.911,849,76,0.451,1,Normal
node_2,192.168.1.11,6.251,409,64,0.4606,3,Normal
node_3,192.168.1.12,0.26,2935,89,0.03,2,Injection_Frozen
node_4,192.168.1.13,0.263,3062,95,0.0,2,Injection_Frozen
node_5,192.168.1.14,0.115,10207,2240,0.0,3,Injection_Frozen
node_1,192.168.1.10,0.815,1197,74,0.6054,2,Normal
node_2,192.168.1.11,0.816,945,53,0.5326,1,Normal
node_3,192.168.1.12,0.307,2961,97,0.0716,1,Injection_Frozen
node_4,192.168.1.13,0.339,3377,91,0.0053,2,Injection_Frozen
node_5,192.168.1.14,0.1,11123,2313,0.0,1,Injection_Frozen
node_1,192.168.1.10,1.065,915,73,0.496,1,Normal
node_2,192.168.1.11,1.01,1122,58,0.5158,1,Normal
node_3,192.168.1.12,0.3,3385,79,0.0,1,Injection_Frozen
node_4,192.168.1.13,0.101,1407,71,0.6478,1,Normal
node_5,192.168.1.14,0.091,9010,1803,0.0488,2,Injection_Frozen
node_1,192.168.1.10,1.2,909,70,0.5191,1,Normal
node_2,192.168.1.11,0.857,998,53,0.5289,2,Normal
node_3,192.168.1.12,0.293,2980,98,0.02,2,Injection_Frozen
node_4,192.168.1.13,0.489,2291,80,0.4858,1,Normal
node_5,192.168.1.14,0.101,11035,2011,0.77,3,Normal
node_1,192.168.1.10,1.134,1151,59,0.4172,1,Normal
node_2,192.168.1.11,1.118,988,74,0.4169,2,Normal
node_3,192.168.1.12,0.316,2870,99,0.0,2,Injection_Frozen
node_4,192.168.1.13,2.752,504,85,0.4476,3,Normal
node_5,192.168.1.14,0.099,10757,1852,0.7498,2,Normal
node_1,192.168.1.10,1.06,1109,516,0.5803,1,Normal
node_2,192.168.1.11,0.992,859,56,0.5358,1,Normal
node_3,192.168.1.12,0.292,2805,88,0.0,3,Injection_Frozen
node_4,192.168.1.13,0.288,3264,67,0.0645,3,Injection_Frozen
node_5,192.168.1.14,0.085,9861,2390,0.0,2,Injection_Frozen
node_1,192.168.1.10,1.013,1071,72,0.0417,3,Injection_Frozen
node_2,192.168.1.11,1.006,1061,69,0.0,2,Injection_Frozen
node_3,192.168.1.12,0.305,3389,94,0.0,1,Injection_Frozen
node_4,192.168.1.13,0.657,7181,60,0.5992,2,Normal
node_5,192.168.1.14,0.084,10446,1987,0.6583,3,Normal
node_1,192.168.1.10,0.964,1144,62,0.5944,1,Normal
node_2,192.168.1.11,0.973,930,63,0.0,1,Injection_Frozen
node_3,192.168.1.12,0.288,3380,80,0.0,2,Injection_Frozen
node_4,192.168.1.13,0.258,3131,85,0.0379,1,Injection_Frozen
node_5,192.168.1.14,0.088,11283,1818,0.7152,3,Normal
node_1,192.168.1.10,0.844,967,57,0.5322,1,Normal
node_2,192.168.1.11,0.906,1139,77,0.0,1,Injection_Frozen
node_3,192.168.1.12,0.3,2705,98,0.0,2,Injection_Frozen
node_4,192.168.1.13,0.088,4889,113,0.4591,3,Normal
node_5,192.168.1.14,0.079,8887,2287,0.7147,2,Normal
node_1,192.168.1.10,1.155,914,65,0.4537,2,Normal
node_2,192.168.1.11,1.121,1079,75,0.0233,1,Injection_Frozen
node_3,192.168.1.12,0.324,2614,71,0.0,2,Injection_Frozen
node_4,192.168.1.13,0.122,9595,604,0.5371,2,Normal
node_5,192.168.1.14,0.123,11305,2215,0.7239,3,Normal
node_1,192.168.1.10,1.004,906,290,0.5881,2,Normal
node_2,192.168.1.11,1.116,900,60,0.4619,2,Normal
node_3,192.168.1.12,0.274,2799,92,0.0,3,Injection_Frozen
node_4,192.168.1.13,0.244,2278,55,0.3317,1,Normal
node_5,192.168.1.14,0.097,8631,1803,0.6288,2,Normal
node_1,192.168.1.10,1.138,845,71,0.6077,1,Normal
node_2,192.168.1.11,1.146,885,55,0.4195,1,Normal
node_3,192.168.1.12,0.314,3173,75,0.0234,1,Injection_Frozen
node_4,192.168.1.13,0.436,5580,86,0.671,1,Normal
node_5,192.168.1.14,0.331,2978,2202,0.6023,5,Normal
node_1,192.168.1.10,0.828,1158,61,0.5717,2,Normal
node_2,192.168.1.11,0.833,1190,71,0.4663,1,Normal
node_3,192.168.1.12,0.287,3036,64,0.0,1,Injection_Frozen
node_4,192.168.1.13,0.329,11438,77,0.4455,2,Normal
node_5,192.168.1.14,0.487,3769,2096,0.6333,5,Normal
node_1,192.168.1.10,0.91,1010,77,0.0,1,Injection_Frozen
node_2,192.168.1.11,0.89,1066,77,0.0,2,Injection_Frozen
node_3,192.168.1.12,0.279,3236,77,0.0,3,Injection_Frozen
node_4,192.168.1.13,0.155,5899,84,0.5082,2,Normal
node_5,192.168.1.14,0.11,10571,2500,0.7693,3,Normal
node_1,192.168.1.10,6.387,450,55,0.5064,4,Normal
node_2,192.168.1.11,1.005,804,76,0.5088,2,Normal
node_3,192.168.1.12,0.333,3133,69,0.0,1,Injection_Frozen
node_4,192.168.1.13,0.295,3176,70,0.0,1,Injection_Frozen
node_5,192.168.1.14,0.113,10608,2013,0.6572,3,Normal
node_1,192.168.1.10,1.149,1017,74,0.4981,1,Normal
node_2,192.168.1.11,0.888,1026,70,0.4249,1,Normal
node_3,192.168.1.12,0.283,2860,64,0.0,3,Injection_Frozen
node_4,192.168.1.13,0.517,4157,50,0.4579,3,Normal
node_5,192.168.1.14,0.116,7910,2225,0.749,4,Normal
node_1,192.168.1.10,0.847,892,907,0.8747,1,Injection_Aberrant
node_2,192.168.1.11,0.858,1105,975,0.9344,5,Injection_Aberrant
node_3,192.168.1.12,0.322,3582,1154,0.921,3,Injection_Aberrant
node_4,192.168.1.13,0.322,2538,1265,0.7654,1,Injection_Aberrant
node_5,192.168.1.14,0.103,9979,2124,0.7384,3,Normal
node_1,192.168.1.10,1.053,1067,58,0.4399,1,Normal
node_2,192.168.1.11,1.013,924,67,0.571,1,Normal
node_3,192.168.1.12,0.257,3169,1231,0.8046,3,Injection_Aberrant
node_4,192.168.1.13,0.294,2468,1107,0.7939,1,Injection_Aberrant
node_5,192.168.1.14,0.104,10410,2210,0.7812,3,Normal
node_1,192.168.1.10,1.073,884,56,0.4297,1,Normal
node_2,192.168.1.11,0.965,956,58,0.5818,1,Normal
node_3,192.168.1.12,0.255,3555,1229,0.9252,3,Injection_Aberrant
node_4,192.168.1.13,0.343,3009,1067,0.7937,1,Injection_Aberrant
node_5,192.168.1.14,0.104,11637,905,0.847,4,Injection_Aberrant
node_1,192.168.1.10,1.193,1099,74,0.5807,2,Normal
node_2,192.168.1.11,1.051,1092,74,0.5239,1,Normal
node_3,192.168.1.12,0.258,3462,914,0.7757,4,Injection_Aberrant
node_4,192.168.1.13,0.287,2932,1368,0.8195,3,Injection_Aberrant
node_5,192.168.1.14,0.086,8996,929,0.936,1,Injection_Aberrant
node_1,192.168.1.10,0.959,905,1321,0.731,1,Injection_Aberrant
node_2,192.168.1.11,0.95,974,918,0.8787,2,Injection_Aberrant
node_3,192.168.1.12,0.271,3008,968,0.9877,5,Injection_Aberrant
node_4,192.168.1.13,0.313,2675,1389,0.884,4,Injection_Aberrant
node_5,192.168.1.14,0.104,11311,2055,0.65,3,Normal
node_1,192.168.1.10,1.083,989,76,0.4943,1,Normal
node_2,192.168.1.11,0.892,1076,60,0.5317,1,Normal
node_3,192.168.1.12,0.292,2534,1282,0.9611,4,Injection_Aberrant
node_4,192.168.1.13,0.257,3593,1225,0.9671,5,Injection_Aberrant
node_5,192.168.1.14,0.119,10947,1148,0.7596,2,Injection_Aberrant
node_1,192.168.1.10,1.162,996,73,0.4768,1,Normal
node_2,192.168.1.11,1.109,824,62,0.4338,2,Normal
node_3,192.168.1.12,0.297,3541,1143,0.7236,5,Injection_Aberrant
node_4,192.168.1.13,0.316,2498,1277,0.7213,3,Injection_Aberrant
node_5,192.168.1.14,0.092,9248,2286,0.7225,4,Normal
node_1,192.168.1.10,0.914,942,1051,0.7467,3,Injection_Aberrant
node_2,192.168.1.11,1.077,992,63,0.5232,1,Normal
node_3,192.168.1.12,0.31,3228,1016,0.8118,5,Injection_Aberrant
node_4,192.168.1.13,0.291,3438,1006,0.7967,2,Injection_Aberrant
node_5,192.168.1.14,0.091,10547,2146,0.5845,3,Normal
node_1,192.168.1.10,1.104,1071,61,0.4258,1,Normal
node_2,192.168.1.11,4.165,478,75,0.5044,2,Normal
node_3,192.168.1.12,0.353,2613,1236,0.7709,5,Injection_Aberrant
node_4,192.168.1.13,0.272,2763,1194,0.7936,2,Injection_Aberrant
node_5,192.168.1.14,0.094,8914,2271,0.7811,3,Normal
node_1,192.168.1.10,0.881,1026,1178,0.9327,4,Injection_Aberrant
node_2,192.168.1.11,1.022,845,1194,0.829,1,Injection_Aberrant
node_3,192.168.1.12,0.357,2553,1082,0.7879,1,Injection_Aberrant
node_4,192.168.1.13,0.241,2843,1019,0.9218,3,Injection_Aberrant
node_5,192.168.1.14,0.088,9637,2040,0.6854,3,Normal
node_1,192.168.1.10,1.107,1181,64,0.5366,1,Normal
node_2,192.168.1.11,0.845,866,1126,0.7861,1,Injection_Aberrant
node_3,192.168.1.12,0.262,2955,890,0.7865,5,Injection_Aberrant
node_4,192.168.1.13,0.332,3385,1166,0.8317,5,Injection_Aberrant
node_5,192.168.1.14,0.105,8541,2123,0.6759,4,Normal
node_1,192.168.1.10,1.118,839,1122,0.7442,4,Injection_Aberrant
node_2,192.168.1.11,1.144,952,60,0.5912,1,Normal
node_3,192.168.1.12,0.346,2501,954,0.8911,1,Injection_Aberrant
node_4,192.168.1.13,0.326,2751,1042,0.8607,5,Injection_Aberrant
node_5,192.168.1.14,0.101,8854,2010,0.6756,2,Normal
node_1,192.168.1.10,1.023,990,64,0.5189,2,Normal
node_2,192.168.1.11,0.907,803,59,0.5801,1,Normal
node_3,192.168.1.12,0.268,3444,1166,0.8268,1,Injection_Aberrant
node_4,192.168.1.13,0.294,3401,1237,0.8644,1,Injection_Aberrant
node_5,192.168.1.14,0.119,10488,2185,0.7555,2,Normal
node_1,192.168.1.10,1.054,972,65,0.607,1,Normal
node_2,192.168.1.11,0.997,1195,71,0.4021,1,Normal
node_3,192.168.1.12,0.335,2974,1132,0.7145,1,Injection_Aberrant
node_4,192.168.1.13,0.278,3313,1179,0.899,4,Injection_Aberrant
node_5,192.168.1.14,0.092,9785,2013,0.7725,3,Normal
node_1,192.168.1.10,1.164,1091,1195,0.7866,3,Injection_Aberrant
node_2,192.168.1.11,0.937,827,59,0.5765,1,Normal
node_3,192.168.1.12,0.264,2517,1279,0.836,5,Injection_Aberrant
node_4,192.168.1.13,0.334,2858,1037,0.8683,1,Injection_Aberrant
node_5,192.168.1.14,0.082,10826,2013,0.6298,4,Normal
node_1,192.168.1.10,0.833,881,1241,0.8433,3,Injection_Aberrant
node_2,192.168.1.11,1.172,966,59,0.4472,1,Normal
node_3,192.168.1.12,0.285,2832,876,0.8834,1,Injection_Aberrant
node_4,192.168.1.13,0.289,3023,1195,0.9178,3,Injection_Aberrant
node_5,192.168.1.14,0.102,10247,1901,0.6406,4,Normal
node_1,192.168.1.10,0.994,914,71,0.5643,2,Normal
node_2,192.168.1.11,1.078,1163,934,0.7476,1,Injection_Aberrant
node_3,192.168.1.12,0.32,3038,1142,0.8473,5,Injection_Aberrant
node_4,192.168.1.13,0.269,3443,1201,0.9675,2,Injection_Aberrant
node_5,192.168.1.14,0.839,3883,2098,0.6625,7,Normal
node_1,192.168.1.10,1.073,1078,67,0.4704,1,Normal
node_2,192.168.1.11,1.158,816,73,0.5151,1,Normal
node_3,192.168.1.12,0.345,2771,1102,0.8326,1,Injection_Aberrant
node_4,192.168.1.13,0.334,3176,1064,0.8173,2,Injection_Aberrant
node_5,192.168.1.14,0.108,9379,2079,0.7715,4,Normal
node_1,192.168.1.10,0.958,1101,1043,0.8684,3,Injection_Aberrant
node_2,192.168.1.11,1.038,1106,63,0.4187,1,Normal
node_3,192.168.1.12,0.266,3358,1016,0.7837,2,Injection_Aberrant
node_4,192.168.1.13,0.36,3040,1199,0.8963,5,Injection_Aberrant
node_5,192.168.1.14,0.081,11842,1109,0.914,4,Injection_Aberrant
node_1,192.168.1.10,1.028,1021,60,0.5788,1,Normal
node_2,192.168.1.11,1.07,851,65,0.4163,1,Normal
node_3,192.168.1.12,0.341,3080,1082,0.7335,5,Injection_Aberrant
node_4,192.168.1.13,0.276,3010,984,0.8754,3,Injection_Aberrant
node_5,192.168.1.14,0.107,8353,1059,0.8991,5,Injection_Aberrant
node_1,192.168.1.10,0.895,1090,60,0.6121,1,Normal
node_2,192.168.1.11,1.001,1130,54,0.5815,1,Normal
node_3,192.168.1.12,0.311,3505,1356,0.9343,5,Injection_Aberrant
node_4,192.168.1.13,0.298,3462,1235,0.971,4,Injection_Aberrant
node_5,192.168.1.14,0.106,12473,2093,0.76,4,Normal
node_1,192.168.1.10,0.968,964,55,0.5084,2,Normal
node_2,192.168.1.11,4.116,173,67,0.5175,2,Normal
node_3,192.168.1.12,0.346,3130,1423,0.7252,4,Injection_Aberrant
node_4,192.168.1.13,0.324,3069,1186,0.8052,2,Injection_Aberrant
node_5,192.168.1.14,0.112,10957,1832,0.6283,3,Normal
node_1,192.168.1.10,0.99,1186,53,0.5787,1,Normal
node_2,192.168.1.11,0.909,997,70,0.5294,1,Normal
node_3,192.168.1.12,0.344,2659,1175,0.9433,2,Injection_Aberrant
node_4,192.168.1.13,0.271,2617,1200,0.9046,5,Injection_Aberrant
node_5,192.168.1.14,0.085,9903,1941,0.8086,2,Normal
node_1,192.168.1.10,1.129,806,1038,0.7859,1,Injection_Aberrant
node_2,192.168.1.11,1.121,1086,53,0.5495,1,Normal
node_3,192.168.1.12,0.303,3168,954,0.9181,4,Injection_Aberrant
node_4,192.168.1.13,0.29,2698,1186,0.9079,3,Injection_Aberrant
node_5,192.168.1.14,0.089,11460,1110,0.9654,2,Injection_Aberrant
node_1,192.168.1.10,1.127,848,56,0.4249,2,Normal
node_2,192.168.1.11,1.0,1059,74,0.5676,1,Normal
node_3,192.168.1.12,0.269,3186,746,0.8897,4,Injection_Aberrant
node_4,192.168.1.13,0.305,3349,1212,0.8213,2,Injection_Aberrant
node_5,192.168.1.14,0.101,7812,2144,0.6841,3,Normal
node_1,192.168.1.10,0.932,968,76,0.4779,2,Normal
node_2,192.168.1.11,1.132,808,67,0.5547,1,Normal
node_3,192.168.1.12,0.312,3443,974,0.7907,5,Injection_Aberrant
node_4,192.168.1.13,0.296,3219,1003,0.749,1,Injection_Aberrant
node_5,192.168.1.14,0.084,11727,2221,0.6799,4,Normal
node_1,192.168.1.10,0.944,1006,70,0.4616,1,Normal
node_2,192.168.1.11,0.933,1165,51,0.4503,2,Normal
node_3,192.168.1.12,0.324,3314,1293,0.7461,1,Injection_Aberrant
node_4,192.168.1.13,0.32,2505,920,0.8732,3,Injection_Aberrant
node_5,192.168.1.14,0.092,9224,2500,0.6374,2,Normal
node_1,192.168.1.10,1.192,1185,59,0.5835,1,Normal
node_2,192.168.1.11,1.081,1160,69,0.4818,1,Normal
node_3,192.168.1.12,0.255,2539,1328,0.7098,2,Injection_Aberrant
node_4,192.168.1.13,0.279,2813,948,0.7521,1,Injection_Aberrant
node_5,192.168.1.14,0.091,9277,1922,0.6327,2,Normal
node_1,192.168.1.10,0.963,1092,55,0.5009,1,Normal
node_2,192.168.1.11,1.042,853,1114,0.914,1,Injection_Aberrant
node_3,192.168.1.12,0.245,3525,1120,0.8005,5,Injection_Aberrant
node_4,192.168.1.13,0.242,3240,1222,0.9671,2,Injection_Aberrant
node_5,192.168.1.14,0.103,10215,2215,0.5851,4,Normal
node_1,192.168.1.10,1.14,1105,1034,0.9345,1,Injection_Aberrant
node_2,192.168.1.11,1.028,1038,74,0.4042,1,Normal
node_3,192.168.1.12,0.339,3568,1094,0.7926,4,Injection_Aberrant
node_4,192.168.1.13,0.25,3469,1269,0.7273,1,Injection_Aberrant
node_5,192.168.1.14,0.116,11612,1922,0.7175,2,Normal
node_1,192.168.1.10,0.905,1154,56,0.5318,1,Normal
node_2,192.168.1.11,1.181,973,1119,0.7953,1,Injection_Aberrant
node_3,192.168.1.12,0.25,3286,1122,0.8836,1,Injection_Aberrant
node_4,192.168.1.13,0.307,3167,899,0.7804,4,Injection_Aberrant
node_5,192.168.1.14,0.103,10684,1125,0.8117,1,Injection_Aberrant
node_1,192.168.1.10,1.134,968,55,0.5284,1,Normal
node_2,192.168.1.11,0.868,835,1264,0.9578,1,Injection_Aberrant
node_3,192.168.1.12,0.356,3430,1191,0.8773,5,Injection_Aberrant
node_4,192.168.1.13,0.301,3388,1269,0.924,2,Injection_Aberrant
node_5,192.168.1.14,0.123,9490,2279,0.5899,4,Normal
node_1,192.168.1.10,0.801,1140,70,0.5835,1,Normal
node_2,192.168.1.11,5.385,523,458,0.4351,3,Normal
node_3,192.168.1.12,0.348,2502,1327,0.8631,4,Injection_Aberrant
node_4,192.168.1.13,0.281,3405,1204,0.7662,2,Injection_Aberrant
node_5,192.168.1.14,0.104,9949,2216,0.8185,4,Normal
node_1,192.168.1.10,1.142,842,65,0.4721,1,Normal
node_2,192.168.1.11,0.928,1024,63,0.522,2,Normal
node_3,192.168.1.12,0.36,3387,913,0.8553,1,Injection_Aberrant
node_4,192.168.1.13,0.251,3129,1202,0.8246,1,Injection_Aberrant
node_5,192.168.1.14,0.116,9460,1859,0.5896,2,Normal
node_1,192.168.1.10,1.072,945,57,0.53,1,Normal
node_2,192.168.1.11,0.934,1073,54,0.5405,1,Normal
node_3,192.168.1.12,0.244,2510,1105,0.8761,5,Injection_Aberrant
node_4,192.168.1.13,0.346,3286,1194,0.978,4,Injection_Aberrant
node_5,192.168.1.14,0.798,1798,2092,0.6363,6,Normal
node_1,192.168.1.10,1.097,1164,72,0.5774,1,Normal
node_2,192.168.1.11,1.075,934,58,0.4495,1,Normal
node_3,192.168.1.12,0.277,2961,992,0.9221,2,Injection_Aberrant
node_4,192.168.1.13,0.347,2900,1302,0.8854,1,Injection_Aberrant
node_5,192.168.1.14,0.118,10128,1241,0.8609,2,Injection_Aberrant
node_1,192.168.1.10,1.135,837,64,0.4969,1,Normal
node_2,192.168.1.11,1.189,1153,65,0.5741,1,Normal
node_3,192.168.1.12,0.313,2705,1190,0.8614,3,Injection_Aberrant
node_4,192.168.1.13,0.291,3571,943,0.754,1,Injection_Aberrant
node_5,192.168.1.14,0.089,7810,2072,0.722,2,Normal
node_1,192.168.1.10,0.993,928,1520,0.7141,4,Injection_Aberrant
node_2,192.168.1.11,0.979,1014,965,0.8065,4,Injection_Aberrant
node_3,192.168.1.12,0.266,2856,1089,0.8359,5,Injection_Aberrant
node_4,192.168.1.13,0.336,3026,1357,0.8636,1,Injection_Aberrant
node_5,192.168.1.14,0.116,10172,1078,0.9193,1,Injection_Aberrant
node_1,192.168.1.10,1.129,869,73,0.5386,2,Normal
node_2,192.168.1.11,0.841,845,67,0.554,1,Normal
node_3,192.168.1.12,0.249,2567,1100,0.7072,1,Injection_Aberrant
node_4,192.168.1.13,0.248,3598,1243,0.7186,3,Injection_Aberrant
node_5,192.168.1.14,0.12,8674,2014,0.7992,3,Normal
node_1,192.168.1.10,0.914,823,63,0.5466,1,Normal
node_2,192.168.1.11,1.091,1083,76,0.4778,2,Normal
node_3,192.168.1.12,0.282,2972,911,0.7398,2,Injection_Aberrant
node_4,192.168.1.13,0.33,2899,1036,0.9306,5,Injection_Aberrant
node_5,192.168.1.14,0.094,11653,1184,0.8922,4,Injection_Aberrant
node_1,192.168.1.10,1.179,862,57,0.4843,1,Normal
node_2,192.168.1.11,0.989,958,70,0.5805,2,Normal
node_3,192.168.1.12,0.275,3575,982,0.9387,1,Injection_Aberrant
node_4,192.168.1.13,0.281,3301,839,0.7866,3,Injection_Aberrant
node_5,192.168.1.14,0.45,3137,1936,0.6051,4,Normal
node_1,192.168.1.10,1.191,833,59,0.4342,1,Normal
node_2,192.168.1.11,1.045,1136,75,0.5148,1,Normal
node_3,192.168.1.12,0.295,2678,1115,0.9367,4,Injection_Aberrant
node_4,192.168.1.13,0.252,2567,1210,0.9123,2,Injection_Aberrant
node_5,192.168.1.14,0.082,10292,2053,0.6687,3,Normal
node_1,192.168.1.10,1.009,913,71,0.4828,1,Normal
node_2,192.168.1.11,1.087,1099,75,0.5439,1,Normal
node_3,192.168.1.12,0.338,2740,1245,0.9059,2,Injection_Aberrant
node_4,192.168.1.13,0.26,3162,1193,0.8647,1,Injection_Aberrant
node_5,192.168.1.14,0.091,10977,789,0.876,4,Injection_Aberrant
node_1,192.168.1.10,0.973,847,1236,0.9518,1,Injection_Aberrant
node_2,192.168.1.11,1.158,936,69,0.5205,1,Normal
node_3,192.168.1.12,0.306,3338,970,0.7356,2,Injection_Aberrant
node_4,192.168.1.13,0.356,3509,1138,0.861,4,Injection_Aberrant
node_5,192.168.1.14,0.104,10956,1834,0.692,3,Normal
node_1,192.168.1.99,14.501,607,425,0.6832,6,Probe
node_2,192.168.1.99,13.215,306,1232,0.8809,7,Probe
node_3,192.168.1.101,5.687,209,1303,0.8362,6,Probe
node_4,192.168.1.99,10.314,377,1083,0.6473,6,Probe
node_5,192.168.1.99,10.429,117,1117,0.8198,10,Probe
node_1,192.168.1.99,11.712,384,1123,0.6296,5,Probe
node_2,192.168.1.99,19.125,427,657,0.8382,5,Probe
node_3,192.168.1.100,17.932,492,184,0.6465,5,Probe
node_4,192.168.1.99,21.126,127,872,0.8402,7,Probe
node_5,192.168.1.102,17.998,131,527,0.8384,9,Probe
node_1,192.168.1.99,8.888,249,616,0.8075,6,Probe
node_2,192.168.1.98,9.856,313,700,0.6637,6,Probe
node_3,192.168.1.99,18.058,116,456,0.6894,5,Probe
node_4,192.168.1.99,13.043,630,800,0.6494,6,Probe
node_5,192.168.1.50,13.03,62,427,0.8165,6,Probe
node_1,192.168.1.99,3.0,325,1047,0.686,8,Probe
node_2,192.168.1.100,14.951,36,146,0.8809,7,Probe
node_3,192.168.1.99,9.417,233,212,0.6745,4,Probe
node_4,192.168.1.101,5.239,280,639,0.7609,9,Probe
node_5,192.168.1.99,12.078,260,602,0.7033,6,Probe
node_1,192.168.1.101,20.137,328,659,0.6791,4,Probe
node_2,192.168.1.101,9.663,430,227,0.6034,6,Probe
node_3,192.168.1.99,21.272,370,1319,0.9258,9,Probe
node_4,192.168.1.50,12.234,233,1313,0.6212,10,Probe
node_5,192.168.1.98,16.79,697,675,0.6727,3,Probe
node_1,192.168.1.99,11.429,578,1277,0.8941,8,Probe
node_2,192.168.1.101,24.811,508,349,0.7249,2,Probe
node_3,192.168.1.101,19.269,317,247,0.711,4,Probe
node_4,192.168.1.99,14.087,673,439,0.9009,4,Probe
node_5,192.168.1.99,17.703,488,98,0.7356,5,Probe
node_1,192.168.1.100,7.426,518,992,0.6003,4,Probe
node_2,192.168.1.102,8.008,194,1040,0.6152,6,Probe
node_3,192.168.1.99,12.127,84,731,0.6901,6,Probe
node_4,192.168.1.102,12.238,399,590,0.8496,3,Probe
node_5,192.168.1.100,16.779,194,699,0.9161,3,Probe
node_1,192.168.1.99,12.229,161,1435,0.6482,8,Probe
node_2,192.168.1.100,19.799,404,438,0.6741,2,Probe
node_3,192.168.1.99,21.6,252,185,0.6824,5,Probe
node_4,192.168.1.99,13.6,112,655,0.6712,5,Probe
node_5,192.168.1.99,4.041,516,1317,0.7111,5,Probe
node_1,192.168.1.99,6.807,610,1350,0.7574,5,Probe
node_2,192.168.1.98,20.595,418,234,0.8943,2,Probe
node_3,192.168.1.99,13.583,289,1316,0.717,6,Probe
node_4,192.168.1.102,12.183,534,633,0.7558,5,Probe
node_5,192.168.1.99,7.416,294,1148,0.834,9,Probe
node_1,192.168.1.101,23.417,102,1431,0.6319,7,Probe
node_2,192.168.1.99,21.56,647,1000,0.7553,5,Probe
node_3,192.168.1.101,21.306,598,781,0.8241,3,Probe
node_4,192.168.1.100,13.054,98,1155,0.9035,7,Probe
node_5,192.168.1.100,13.352,346,1240,0.9021,7,Probe
node_1,192.168.1.99,13.399,424,795,0.8066,5,Probe
node_2,192.168.1.98,20.726,305,1253,0.8994,7,Probe
node_3,192.168.1.99,15.551,112,1510,0.9055,6,Probe
node_4,192.168.1.99,14.08,278,1183,0.7243,5,Probe
node_5,192.168.1.99,3.936,633,1382,0.9224,5,Probe
node_1,192.168.1.99,12.832,491,835,0.6857,7,Probe
node_2,192.168.1.99,9.559,588,1473,0.8485,8,Probe
node_3,192.168.1.98,9.745,351,379,0.9299,3,Probe
node_4,192.168.1.101,11.115,454,1282,0.6152,4,Probe
node_5,192.168.1.101,17.29,668,961,0.6306,5,Probe
node_1,192.168.1.99,17.118,521,997,0.8956,5,Probe
node_2,192.168.1.99,3.0,548,652,0.9243,6,Probe
node_3,192.168.1.99,16.92,568,562,0.8264,3,Probe
node_4,192.168.1.100,9.255,75,1008,0.7494,8,Probe
node_5,192.168.1.99,12.168,528,1419,0.6915,9,Probe
node_1,192.168.1.99,10.74,651,537,0.6859,6,Probe
node_2,192.168.1.100,10.713,51,1047,0.7925,5,Probe
node_3,192.168.1.99,7.499,36,1051,0.7924,7,Probe
node_4,192.168.1.99,3.0,482,41,0.6242,10,Probe
node_5,192.168.1.99,13.574,479,950,0.6872,6,Probe
node_1,192.168.1.101,18.631,34,43,0.6163,6,Probe
node_2,192.168.1.50,7.832,699,499,0.7531,6,Probe
node_3,192.168.1.99,17.981,622,38,0.7775,3,Probe
node_4,192.168.1.99,10.08,360,576,0.7867,4,Probe
node_5,192.168.1.99,5.33,103,99,0.694,4,Probe
node_1,192.168.1.99,6.616,402,903,0.8755,7,Probe
node_2,192.168.1.99,10.584,56,684,0.7254,6,Probe
node_3,192.168.1.98,9.962,290,686,0.8737,5,Probe
node_4,192.168.1.99,27.248,481,703,0.6648,6,Probe
node_5,192.168.1.99,18.527,416,386,0.8321,3,Probe
node_1,192.168.1.99,17.429,372,863,0.6549,8,Probe
node_2,192.168.1.99,21.908,82,1150,0.8444,6,Probe
node_3,192.168.1.101,14.214,231,707,0.655,6,Probe
node_4,192.168.1.100,11.568,460,208,0.7728,6,Probe
node_5,192.168.1.99,18.01,117,779,0.7701,3,Probe
node_1,192.168.1.99,8.823,308,1474,0.6514,2,Probe
node_2,192.168.1.75,7.555,314,646,0.9059,6,Probe
node_3,192.168.1.99,11.047,163,995,0.6651,3,Probe
node_4,192.168.1.99,10.762,203,732,0.7073,7,Probe
node_5,192.168.1.99,15.253,642,504,0.8287,7,Probe
node_1,192.168.1.99,19.723,199,42,0.8301,2,Probe
node_2,192.168.1.50,11.552,466,202,0.8169,6,Probe
node_3,192.168.1.98,21.333,689,692,0.8732,4,Probe
node_4,192.168.1.99,18.053,146,281,0.8619,2,Probe
node_5,192.168.1.100,6.823,208,431,0.897,2,Probe
node_1,192.168.1.99,15.463,331,128,0.9104,2,Probe
node_2,192.168.1.99,22.912,631,804,0.7542,6,Probe
node_3,192.168.1.99,14.613,457,1300,0.9007,9,Probe
node_4,192.168.1.98,8.388,361,588,0.6186,2,Probe
node_5,192.168.1.99,11.035,565,1069,0.8431,2,Probe
node_1,192.168.1.75,6.015,363,572,0.7477,7,Probe
node_2,192.168.1.101,12.78,174,970,0.8343,7,Probe
node_3,192.168.1.101,9.1,636,834,0.7793,3,Probe
node_4,192.168.1.99,15.884,370,390,0.8488,4,Probe
node_5,192.168.1.99,14.197,78,266,0.8424,7,Probe
node_1,192.168.1.101,15.907,409,924,0.8604,3,Probe
node_2,192.168.1.99,18.833,87,902,0.658,6,Probe
node_3,192.168.1.50,3.508,458,1198,0.6044,6,Probe
node_4,192.168.1.99,13.28,251,958,0.7197,5,Probe
node_5,192.168.1.99,3.074,113,68,0.865,4,Probe
node_1,192.168.1.98,12.923,288,1001,0.8198,6,Probe
node_2,192.168.1.101,18.546,387,316,0.6303,8,Probe
node_3,192.168.1.99,4.984,157,972,0.7529,4,Probe
node_4,192.168.1.99,11.31,39,126,0.8178,4,Probe
node_5,192.168.1.98,16.139,554,1370,0.6109,4,Probe
node_1,192.168.1.99,11.003,341,547,0.831,8,Probe
node_2,192.168.1.99,11.53,588,311,0.8348,3,Probe
node_3,192.168.1.99,10.895,82,205,0.6468,3,Probe
node_4,192.168.1.75,13.432,439,503,0.8446,6,Probe
node_5,192.168.1.99,18.538,147,502,0.8821,4,Probe
node_1,192.168.1.99,11.773,265,1452,0.8517,8,Probe
node_2,192.168.1.100,7.617,70,227,0.6614,2,Probe
node_3,192.168.1.99,10.315,456,501,0.6423,3,Probe
node_4,192.168.1.99,14.513,509,772,0.7051,8,Probe
node_5,192.168.1.99,3.0,610,1032,0.7759,7,Probe
node_1,192.168.1.98,8.554,273,379,0.8945,2,Probe
node_2,192.168.1.98,3.0,162,1009,0.8285,7,Probe
node_3,192.168.1.50,14.65,229,807,0.7692,7,Probe
node_4,192.168.1.99,12.505,527,1344,0.6687,6,Probe
node_5,192.168.1.100,9.891,100,443,0.8582,4,Probe
node_1,192.168.1.98,6.964,47,1450,0.7308,10,Probe
node_2,192.168.1.99,8.051,237,886,0.7094,4,Probe
node_3,192.168.1.99,12.896,441,308,0.9087,6,Probe
node_4,192.168.1.101,12.692,659,564,0.9174,4,Probe
node_5,192.168.1.99,5.948,447,187,0.6816,4,Probe
node_1,192.168.1.101,8.806,486,1249,0.6056,7,Probe
node_2,192.168.1.100,10.422,271,498,0.9013,2,Probe
node_3,192.168.1.98,8.957,95,309,0.674,5,Probe
node_4,192.168.1.99,12.578,463,545,0.9296,8,Probe
node_5,192.168.1.102,15.615,326,647,0.913,7,Probe
node_1,192.168.1.99,6.217,285,1365,0.7672,6,Probe
node_2,192.168.1.50,7.781,521,42,0.8603,2,Probe
node_3,192.168.1.101,14.289,692,1089,0.6109,6,Probe
node_4,192.168.1.99,14.685,117,1472,0.773,5,Probe
node_5,192.168.1.99,11.472,134,103,0.9125,4,Probe
node_1,192.168.1.102,7.11,524,623,0.8451,8,Probe
node_2,192.168.1.98,23.565,214,279,0.6979,6,Probe
node_3,192.168.1.98,17.348,618,1478,0.7917,5,Probe
node_4,192.168.1.99,6.234,351,198,0.6791,5,Probe
node_5,192.168.1.101,16.765,560,1291,0.6156,8,Probe
node_1,192.168.1.98,13.941,43,803,0.6357,4,Probe
node_2,192.168.1.99,12.616,599,860,0.8024,2,Probe
node_3,192.168.1.99,11.959,620,69,0.6694,4,Probe
node_4,192.168.1.101,23.441,524,1375,0.8608,5,Probe
node_5,192.168.1.99,16.98,434,302,0.7912,2,Probe
node_1,192.168.1.99,16.828,518,453,0.6927,8,Probe
node_2,192.168.1.98,11.748,292,15,0.9239,3,Probe
node_3,192.168.1.98,8.002,624,98,0.622,10,Probe
node_4,192.168.1.99,16.069,236,29,0.7306,6,Probe
node_5,192.168.1.98,5.994,384,928,0.9106,4,Probe
node_1,192.168.1.50,12.881,500,1009,0.7962,5,Probe
node_2,192.168.1.99,18.014,637,220,0.7271,4,Probe
node_3,192.168.1.99,7.878,360,1287,0.6122,9,Probe
node_4,192.168.1.99,9.571,546,1118,0.7903,8,Probe
node_5,192.168.1.99,4.1,656,1310,0.7758,8,Probe
node_1,192.168.1.101,17.035,629,478,0.605,3,Probe
node_2,192.168.1.99,13.692,576,699,0.8552,8,Probe
node_3,192.168.1.100,18.29,555,104,0.8573,5,Probe
node_4,192.168.1.100,6.284,328,260,0.8399,9,Probe
node_5,192.168.1.99,4.092,660,639,0.6309,10,Probe
node_1,192.168.1.99,21.977,617,1295,0.8556,5,Probe
node_2,192.168.1.101,3.303,127,1302,0.875,4,Probe
node_3,192.168.1.99,23.268,77,1151,0.7874,2,Probe
node_4,192.168.1.99,12.335,413,487,0.8752,5,Probe
node_5,192.168.1.99,12.441,609,782,0.8098,4,Probe
node_1,192.168.1.99,8.341,484,15,0.7077,6,Probe
node_2,192.168.1.100,3.0,47,437,0.9197,7,Probe
node_3,192.168.1.99,15.419,651,342,0.7225,6,Probe
node_4,192.168.1.98,5.046,112,994,0.8515,5,Probe
node_5,192.168.1.99,14.802,229,120,0.66,4,Probe
node_1,192.168.1.101,13.342,209,526,0.8077,6,Probe
node_2,192.168.1.100,16.793,171,1414,0.873,4,Probe
node_3,192.168.1.99,11.585,670,1346,0.8147,6,Probe
node_4,192.168.1.50,16.799,146,291,0.7985,6,Probe
node_5,192.168.1.50,12.772,107,1243,0.8708,7,Probe
node_1,192.168.1.100,12.012,497,424,0.793,10,Probe
node_2,192.168.1.99,14.964,437,1050,0.6191,4,Probe
node_3,192.168.1.50,7.257,353,762,0.7012,3,Probe
node_4,192.168.1.99,11.76,116,277,0.7377,10,Probe
node_5,192.168.1.101,13.897,477,864,0.7602,3,Probe
node_1,192.168.1.99,6.577,349,748,0.6456,4,Probe
node_2,192.168.1.101,5.391,196,840,0.7522,5,Probe
node_3,192.168.1.100,13.997,476,944,0.7218,7,Probe
node_4,192.168.1.99,8.53,66,17,0.786,3,Probe
node_5,192.168.1.100,10.347,559,501,0.7543,5,Probe
node_1,192.168.1.98,15.177,217,1366,0.6237,4,Probe
node_2,192.168.1.99,11.964,123,1051,0.7424,6,Probe
node_3,192.168.1.101,11.502,690,713,0.6973,5,Probe
node_4,192.168.1.99,10.411,346,1140,0.793,10,Probe
node_5,192.168.1.99,8.549,267,1169,0.7082,5,Probe
node_1,192.168.1.99,11.446,427,1195,0.7929,4,Probe
node_2,192.168.1.99,14.655,363,1212,0.7822,5,Probe
node_3,192.168.1.99,13.42,561,498,0.9133,6,Probe
node_4,192.168.1.99,8.915,460,299,0.7963,4,Probe
node_5,192.168.1.99,12.638,443,992,0.6368,6,Probe
node_1,192.168.1.99,14.854,52,1219,0.7797,3,Probe
node_2,192.168.1.50,3.742,676,1094,0.9215,6,Probe
node_3,192.168.1.99,9.932,90,941,0.7363,6,Probe
node_4,192.168.1.98,14.73,144,362,0.8678,7,Probe
node_5,192.168.1.99,13.483,119,898,0.9207,6,Probe
node_1,192.168.1.101,12.904,120,506,0.7568,6,Probe
node_2,192.168.1.99,13.377,50,1099,0.7115,8,Probe
node_3,192.168.1.99,13.896,382,263,0.6732,8,Probe
node_4,192.168.1.100,13.897,418,205,0.7513,2,Probe
node_5,192.168.1.100,19.515,158,1108,0.7297,6,Probe
node_1,192.168.1.101,8.765,110,926,0.6273,5,Probe
node_2,192.168.1.98,19.056,398,759,0.6981,8,Probe
node_3,192.168.1.99,19.974,226,350,0.7691,7,Probe
node_4,192.168.1.99,11.881,365,223,0.8138,4,Probe
node_5,192.168.1.98,3.527,73,383,0.8511,8,Probe
node_1,192.168.1.10,1.031,1183,66,0.4695,1,Normal
node_2,192.168.1.11,0.074,20998,18,0.0899,0,Physical
node_3,192.168.1.12,0.078,20842,24,0.0661,0,Physical
node_4,192.168.1.13,0.045,31431,12,0.1255,1,Physical
node_5,192.168.1.14,0.087,11462,2241,0.6537,4,Normal
node_1,192.168.1.10,0.892,1124,58,0.6029,2,Normal
node_2,192.168.1.11,8.155,499,62,0.4804,5,Normal
node_3,192.168.1.12,0.065,15546,8,0.1797,1,Physical
node_4,192.168.1.13,0.114,13493,32,0.152,0,Physical
node_5,192.168.1.14,0.12,9566,2196,0.742,4,Normal
node_1,192.168.1.10,1.127,819,58,0.5669,1,Normal
node_2,192.168.1.11,0.093,21121,8,0.1089,0,Physical
node_3,192.168.1.12,0.044,21441,12,0.1586,1,Physical
node_4,192.168.1.13,0.001,12306,25,0.0754,0,Physical
node_5,192.168.1.14,0.002,24854,17,0.0495,0,Physical
node_1,192.168.1.10,0.938,1157,60,0.4416,1,Normal
node_2,192.168.1.11,1.144,892,68,0.4621,1,Normal
node_3,192.168.1.12,0.12,24633,13,0.1129,0,Physical
node_4,192.168.1.13,0.085,21152,26,0.023,0,Physical
node_5,192.168.1.14,0.086,8556,1990,0.835,4,Normal
node_1,192.168.1.10,1.192,981,62,0.5534,1,Normal
node_2,192.168.1.11,0.034,11914,19,0.1303,2,Physical
node_3,192.168.1.12,0.079,26543,13,0.1461,0,Physical
node_4,192.168.1.13,0.055,21057,24,0.0233,0,Physical
node_5,192.168.1.14,0.114,8122,1978,0.7072,2,Normal
node_1,192.168.1.10,0.011,17302,9,0.1487,0,Physical
node_2,192.168.1.11,1.067,1086,70,0.5201,2,Normal
node_3,192.168.1.12,0.118,16006,21,0.0346,0,Physical
node_4,192.168.1.13,0.0,11961,8,0.1128,0,Physical
node_5,192.168.1.14,0.076,8341,2225,0.5961,3,Normal
node_1,192.168.1.10,5.618,474,66,0.5568,5,Normal
node_2,192.168.1.11,0.82,1071,55,0.5999,1,Normal
node_3,192.168.1.12,0.02,17566,15,0.0967,0,Physical
node_4,192.168.1.13,0.033,21260,33,0.0545,0,Physical
node_5,192.168.1.14,0.076,9396,1947,0.6523,4,Normal
node_1,192.168.1.10,1.072,1125,59,0.5643,1,Normal
node_2,192.168.1.11,0.911,1129,53,0.417,1,Normal
node_3,192.168.1.12,0.016,11340,8,0.02,1,Physical
node_4,192.168.1.13,0.057,14819,25,0.0738,0,Physical
node_5,192.168.1.14,0.093,9406,2109,0.7885,3,Normal
node_1,192.168.1.10,0.062,24474,28,0.0641,0,Physical
node_2,192.168.1.11,0.809,1152,53,0.4831,2,Normal
node_3,192.168.1.12,0.025,15655,12,0.0666,0,Physical
node_4,192.168.1.13,0.063,21512,21,0.106,0,Physical
node_5,192.168.1.14,0.116,8165,1839,0.6868,3,Normal
node_1,192.168.1.10,0.859,1086,72,0.4641,1,Normal
node_2,192.168.1.11,0.095,14387,18,0.1589,1,Physical
node_3,192.168.1.12,0.045,22280,27,0.0644,0,Physical
node_4,192.168.1.13,0.03,21607,10,0.1776,0,Physical
node_5,192.168.1.14,0.083,16022,23,0.0922,1,Physical
node_1,192.168.1.10,0.012,18727,28,0.0591,2,Physical
node_2,192.168.1.11,0.851,827,52,0.5387,2,Normal
node_3,192.168.1.12,0.021,20004,13,0.0471,1,Physical
node_4,192.168.1.13,0.117,27448,17,0.084,0,Physical
node_5,192.168.1.14,0.107,8686,1852,0.6981,2,Normal
node_1,192.168.1.10,0.98,1102,63,0.4903,2,Normal
node_2,192.168.1.11,0.065,18946,10,0.1548,0,Physical
node_3,192.168.1.12,0.062,18706,16,0.0766,0,Physical
node_4,192.168.1.13,0.088,22442,35,0.0486,0,Physical
node_5,192.168.1.14,0.093,12151,1831,0.65,2,Normal
node_1,192.168.1.10,1.014,1152,53,0.6102,1,Normal
node_2,192.168.1.11,0.006,16036,20,0.0714,0,Physical
node_3,192.168.1.12,0.09,27082,27,0.1315,0,Physical
node_4,192.168.1.13,0.011,15354,23,0.1654,1,Physical
node_5,192.168.1.14,0.098,8946,1835,0.7116,2,Normal
node_1,192.168.1.10,1.01,814,61,0.4374,1,Normal
node_2,192.168.1.11,0.96,972,53,0.4669,2,Normal
node_3,192.168.1.12,0.104,25064,13,0.1269,0,Physical
node_4,192.168.1.13,0.068,16155,12,0.1108,0,Physical
node_5,192.168.1.14,0.108,11189,2163,0.823,2,Normal
node_1,192.168.1.10,0.118,29627,20,0.0565,0,Physical
node_2,192.168.1.11,6.24,165,74,0.5543,3,Normal
node_3,192.168.1.12,0.103,31473,27,0.0179,1,Physical
node_4,192.168.1.13,0.016,22207,9,0.0505,0,Physical
node_5,192.168.1.14,0.086,9986,2097,0.737,3,Normal
node_1,192.168.1.10,0.096,19739,20,0.0704,0,Physical
node_2,192.168.1.11,0.063,24080,26,0.1705,0,Physical
node_3,192.168.1.12,0.056,22089,22,0.029,0,Physical
node_4,192.168.1.13,0.038,19710,33,0.0813,0,Physical
node_5,192.168.1.14,0.108,8678,2155,0.7811,3,Normal
node_1,192.168.1.10,0.004,18382,29,0.0905,0,Physical
node_2,192.168.1.11,4.803,403,56,0.5462,2,Normal
node_3,192.168.1.12,0.03,16410,22,0.0538,0,Physical
node_4,192.168.1.13,0.097,19169,21,0.0527,0,Physical
node_5,192.168.1.14,0.089,9290,1867,0.6803,2,Normal
node_1,192.168.1.10,0.082,23374,34,0.076,0,Physical
node_2,192.168.1.11,1.067,987,61,0.4698,2,Normal
node_3,192.168.1.12,0.005,18684,26,0.1572,2,Physical
node_4,192.168.1.13,0.103,19694,9,0.1541,0,Physical
node_5,192.168.1.14,0.087,7644,1965,0.8145,2,Normal
node_1,192.168.1.10,0.084,24671,25,0.16,0,Physical
node_2,192.168.1.11,1.122,1061,69,0.5676,1,Normal
node_3,192.168.1.12,0.03,16281,18,0.0943,1,Physical
node_4,192.168.1.13,0.067,20960,14,0.1104,1,Physical
node_5,192.168.1.14,0.114,22750,19,0.0451,0,Physical
node_1,192.168.1.10,1.159,858,70,0.5684,1,Normal
node_2,192.168.1.11,3.54,152,67,0.4792,5,Normal
node_3,192.168.1.12,0.054,26927,34,0.1089,0,Physical
node_4,192.168.1.13,0.067,17094,17,0.1541,0,Physical
node_5,192.168.1.14,0.081,9568,1819,0.7166,3,Normal
node_1,192.168.1.10,0.959,1153,75,0.5989,1,Normal
node_2,192.168.1.11,1.069,856,61,0.5789,1,Normal
node_3,192.168.1.12,0.015,13790,32,0.1374,0,Physical
node_4,192.168.1.13,0.071,19108,31,0.0516,1,Physical
node_5,192.168.1.14,0.081,23405,10,0.1468,1,Physical
node_1,192.168.1.10,0.941,929,73,0.5274,1,Normal
node_2,192.168.1.11,1.06,924,69,0.4234,1,Normal
node_3,192.168.1.12,0.057,14297,27,0.1559,0,Physical
node_4,192.168.1.13,0.073,27053,26,0.0102,2,Physical
node_5,192.168.1.14,0.075,9269,1986,0.8181,4,Normal
node_1,192.168.1.10,0.102,18731,9,0.0248,1,Physical
node_2,192.168.1.11,0.057,20914,11,0.065,0,Physical
node_3,192.168.1.12,0.026,10070,22,0.1232,0,Physical
node_4,192.168.1.13,0.066,20715,15,0.0456,0,Physical
node_5,192.168.1.14,0.121,12115,1815,0.6956,2,Normal
node_1,192.168.1.10,0.935,1134,65,0.5363,1,Normal
node_2,192.168.1.11,0.046,18963,17,0.1136,0,Physical
node_3,192.168.1.12,0.113,15498,33,0.0363,0,Physical
node_4,192.168.1.13,0.003,16374,30,0.0614,0,Physical
node_5,192.168.1.14,0.076,8697,2191,0.7948,3,Normal
node_1,192.168.1.10,0.936,937,457,0.4197,1,Normal
node_2,192.168.1.11,0.06,25659,15,0.1123,1,Physical
node_3,192.168.1.12,0.026,20915,10,0.0272,1,Physical
node_4,192.168.1.13,0.085,17148,10,0.1649,0,Physical
node_5,192.168.1.14,0.09,8239,1879,0.8172,3,Normal
node_1,192.168.1.10,0.036,21819,18,0.0864,0,Physical
node_2,192.168.1.11,1.094,996,65,0.4534,1,Normal
node_3,192.168.1.12,0.017,28346,8,0.09,0,Physical
node_4,192.168.1.13,0.047,14474,14,0.1432,2,Physical
node_5,192.168.1.14,0.12,9562,2018,0.5899,3,Normal
node_1,192.168.1.10,0.904,895,75,0.4808,1,Normal
node_2,192.168.1.11,0.953,938,53,0.5267,1,Normal
node_3,192.168.1.12,0.062,18527,14,0.0177,0,Physical
node_4,192.168.1.13,0.065,29037,27,0.117,2,Physical
node_5,192.168.1.14,0.086,10397,2200,0.7047,4,Normal
node_1,192.168.1.10,0.87,1179,63,0.5611,2,Normal
node_2,192.168.1.11,0.804,1188,56,0.5044,1,Normal
node_3,192.168.1.12,0.101,22336,35,0.0672,0,Physical
node_4,192.168.1.13,0.031,26900,15,0.0149,0,Physical
node_5,192.168.1.14,0.017,19724,22,0.0295,0,Physical
node_1,192.168.1.10,0.107,13836,14,0.1578,0,Physical
node_2,192.168.1.11,1.024,997,52,0.5848,1,Normal
node_3,192.168.1.12,0.007,25174,25,0.059,1,Physical
node_4,192.168.1.13,0.06,23181,18,0.0568,0,Physical
node_5,192.168.1.14,0.097,12340,2145,0.6186,2,Normal
node_1,192.168.1.10,0.079,11190,35,0.1443,0,Physical
node_2,192.168.1.11,0.801,872,54,0.5057,1,Normal
node_3,192.168.1.12,0.073,27039,22,0.0516,1,Physical
node_4,192.168.1.13,0.039,29074,29,0.1205,0,Physical
node_5,192.168.1.14,0.027,23209,18,0.1054,1,Physical
node_1,192.168.1.10,0.939,874,54,0.6192,2,Normal
node_2,192.168.1.11,1.186,1151,61,0.4172,1,Normal
node_3,192.168.1.12,0.055,28975,19,0.0772,0,Physical
node_4,192.168.1.13,0.082,18986,21,0.1569,1,Physical
node_5,192.168.1.14,0.112,10093,1873,0.7731,4,Normal
node_1,192.168.1.10,4.151,426,67,0.5887,3,Normal
node_2,192.168.1.11,1.07,809,57,0.4014,1,Normal
node_3,192.168.1.12,0.034,22226,28,0.0532,0,Physical
node_4,192.168.1.13,0.054,24251,35,0.023,0,Physical
node_5,192.168.1.14,0.077,9163,2140,0.7264,3,Normal
node_1,192.168.1.10,0.993,948,70,0.5192,1,Normal
node_2,192.168.1.11,0.09,17683,34,0.1584,0,Physical
node_3,192.168.1.12,0.058,13189,28,0.0774,0,Physical
node_4,192.168.1.13,0.052,17161,21,0.0801,2,Physical
node_5,192.168.1.14,0.077,17066,20,0.1328,1,Physical
node_1,192.168.1.10,0.99,1050,74,0.5584,1,Normal
node_2,192.168.1.11,0.975,938,53,0.5071,2,Normal
node_3,192.168.1.12,0.064,15640,15,0.1068,0,Physical
node_4,192.168.1.13,0.027,20102,35,0.1141,2,Physical
node_5,192.168.1.14,0.091,26032,15,0.1534,0,Physical
node_1,192.168.1.10,0.814,802,66,0.4853,2,Normal
node_2,192.168.1.11,0.049,25084,18,0.0519,0,Physical
node_3,192.168.1.12,0.02,28207,23,0.1568,2,Physical
node_4,192.168.1.13,0.089,23427,34,0.0618,0,Physical
node_5,192.168.1.14,0.078,11749,2105,0.7075,3,Normal
node_1,192.168.1.10,1.064,1192,76,0.594,1,Normal
node_2,192.168.1.11,0.07,22034,9,0.1543,1,Physical
node_3,192.168.1.12,0.0,26202,35,0.0389,2,Physical
node_4,192.168.1.13,0.065,24669,10,0.1327,0,Physical
node_5,192.168.1.14,0.036,18044,29,0.0419,0,Physical
node_1,192.168.1.10,1.023,823,60,0.4619,2,Normal
node_2,192.168.1.11,0.858,915,64,0.4638,1,Normal
node_3,192.168.1.12,0.01,17446,15,0.0428,1,Physical
node_4,192.168.1.13,0.009,24571,22,0.1785,0,Physical
node_5,192.168.1.14,0.079,10843,2500,0.6893,3,Normal
node_1,192.168.1.10,1.003,819,67,0.5839,2,Normal
node_2,192.168.1.11,0.045,22656,21,0.1133,0,Physical
node_3,192.168.1.12,0.069,25456,20,0.0847,0,Physical
node_4,192.168.1.13,0.046,16619,28,0.1698,1,Physical
node_5,192.168.1.14,0.535,6171,2156,0.779,5,Normal
node_1,192.168.1.10,1.001,941,69,0.5697,1,Normal
node_2,192.168.1.11,0.026,24753,9,0.1245,0,Physical
node_3,192.168.1.12,0.056,18512,32,0.094,0,Physical
node_4,192.168.1.13,0.021,23546,35,0.1271,0,Physical
node_5,192.168.1.14,0.11,11386,2113,0.5865,3,Normal
node_1,192.168.1.10,1.069,1164,57,0.609,1,Normal
node_2,192.168.1.11,1.017,838,68,0.4954,1,Normal
node_3,192.168.1.12,0.082,27108,15,0.1546,0,Physical
node_4,192.168.1.13,0.101,15915,31,0.0979,0,Physical
node_5,192.168.1.14,0.012,20576,33,0.0751,1,Physical
node_1,192.168.1.10,0.066,17553,16,0.0451,0,Physical
node_2,192.168.1.11,0.99,985,51,0.4339,2,Normal
node_3,192.168.1.12,0.004,28783,19,0.1016,0,Physical
node_4,192.168.1.13,0.012,20798,9,0.1653,0,Physical
node_5,192.168.1.14,0.029,25567,26,0.0774,0,Physical
node_1,192.168.1.10,1.16,1144,62,0.514,2,Normal
node_2,192.168.1.11,0.014,18727,14,0.0832,0,Physical
node_3,192.168.1.12,0.061,19857,28,0.1363,0,Physical
node_4,192.168.1.13,0.043,25220,33,0.0543,1,Physical
node_5,192.168.1.14,0.12,8935,2045,0.5838,3,Normal
node_1,192.168.1.10,0.112,21377,30,0.0964,0,Physical
node_2,192.168.1.11,0.929,874,55,0.4902,1,Normal
node_3,192.168.1.12,0.105,21904,16,0.1537,0,Physical
node_4,192.168.1.13,0.021,19340,12,0.1476,1,Physical
node_5,192.168.1.14,0.079,12156,2222,0.7825,3,Normal
